id;list;name;desc;members;url
5e37f760a7d76838269cb455;Backlog;Remove first part of base 64 string;;[];https://trello.com/c/MyvnuP6Z/17-remove-first-part-of-base-64-string
5e37f7d2ab59364bf18c9386;Backlog;Look at if (_this.network.type === _this.network.Connection.NONE) [MIGHT BE WIFI/DEVICE SPECIFIC];;[];https://trello.com/c/XosGLGgW/19-look-at-if-thisnetworktype-thisnetworkconnectionnone-might-be-wifi-device-specific
5e380f3bd3e2440830151b73;Backlog;Check evidence list that comes back on compliance follow up;;[];https://trello.com/c/BqZWdeCE/31-check-evidence-list-that-comes-back-on-compliance-follow-up
5e37f6646dd29a1e0fa36516;Backlog;To Do;"This is a list of things that are good to pull off to work on, prioritized.

If there are too few items here, we should swarm against getting tasks ready for work.";[];https://trello.com/c/JqqgFaJO/3-to-do
5e4e41c6d60ffb8b74b4c405;Backlog;Watermarked image does not display in backend case;;[];https://trello.com/c/Elkyom1T/122-watermarked-image-does-not-display-in-backend-case
5e381477d939257cc9edfd9f;Backlog;Notice Cancellation - Free text fields  should accompany each reason for additional info. Allows cancellation without selecting a reason;;[];https://trello.com/c/M2fFKOt0/56-notice-cancellation-free-text-fields-should-accompany-each-reason-for-additional-info-allows-cancellation-without-selecting-a-re
5e37f75349bb421e267741b4;Backlog;Compile list scan data from different documents;add refugee/asylum seeker document scanning;[];https://trello.com/c/Y3PwomqW/16-compile-list-scan-data-from-different-documents
5e380fd0c8308f4e18c2f353;Backlog;Look at the review notice on compliance follow up and history;;[];https://trello.com/c/PwMwWdar/34-look-at-the-review-notice-on-compliance-follow-up-and-history
5e3814e59e89f10aa19399db;Backlog;Add versioning with a way of utilizing the version;;[];https://trello.com/c/Ul17Po8b/59-add-versioning-with-a-way-of-utilizing-the-version
5e3d29aaf378e36607ebaee6;Backlog;"Unhandled Promise rejection: removeView was not found ; Zone: <root> ; Task: Promise.then ; Value: removeView was not found";Happens after print from history and also in normal notice after leaving person tab;[];https://trello.com/c/Ow0suTuD/78-unhandled-promise-rejection-removeview-was-not-found-zone-root-task-promisethen-value-removeview-was-not-found
5e4a58af1d2d7957a333654e;Backlog;Master Loader - Big refactor;;['Byron de Villiers', 'Brett de Villiers'];https://trello.com/c/XqYZ03pM/100-master-loader-big-refactor
5e451a2d9e29731078b5f635;Backlog;Separate History view from CMP page;;[];https://trello.com/c/AAmF2sfG/97-separate-history-view-from-cmp-page
5e37f814b245cd1a7c4d0224;Backlog;Look at scanning in detail;;[];https://trello.com/c/bDLKlgim/22-look-at-scanning-in-detail
5e3ab4f96ca0777f973b1031;Backlog;Date picker to ui element;"Move away from the default ionic date picker and use the nice ui picker
";['Byron de Villiers'];https://trello.com/c/ax4xN3nD/64-date-picker-to-ui-element
5e380f741bfbba1a468280d3;Backlog;Pressing go on keyboard in the add item modal page should close the keyboard;;[];https://trello.com/c/JsWvOSGl/32-pressing-go-on-keyboard-in-the-add-item-modal-page-should-close-the-keyboard
5e4a58baaa36520c49e4c176;Backlog;Login - Big refactor;;[];https://trello.com/c/XoUY2k3Q/101-login-big-refactor
5e43c3274fcb2f832ea2928e;Backlog;Embed Date, time,  GPS location onto   photo evidence.;Can the same be applied to video?;['Byron de Villiers'];https://trello.com/c/3TymwMgZ/90-embed-date-time-gps-location-onto-photo-evidence
5e3c27eb4d1dbc0ac2a153e9;Backlog;Add licenses/reference documents to CMP/History - contained in notice object from backend;;[];https://trello.com/c/GKHoy7Bc/72-add-licenses-reference-documents-to-cmp-history-contained-in-notice-object-from-backend
5e6a168b8b647f41caa72f35;Backlog;Styling updates - ensure consistent styling in application;;[];https://trello.com/c/s07YVuSA/192-styling-updates-ensure-consistent-styling-in-application
5e6b8fda978a511bfc654bb9;Backlog;Sort search list by word order;Words which match the search text should be filtered in the list based on where the word is in the sentence;[];https://trello.com/c/bXg5pDxa/198-sort-search-list-by-word-order
5e37f6646dd29a1e0fa36514;;Design & Research;;[];https://trello.com/c/Q7SHIDaz/2-design-research
5e37f6646dd29a1e0fa3652a;;[Example task with designs];Attach designs conveniently using Power-ups for design tools like Figma or Invision;[];https://trello.com/c/I8cWIqCu/13-example-task-with-designs
5e37f6646dd29a1e0fa36512;To Do;Backlog;"A list of the things we think we want to do, maybe not quite ready for work, but high likelihood of being worked on.

This is the staging area where specs should get fleshed out.

No limit on the list size, but we should reconsider if it gets long.";[];https://trello.com/c/IO8FUld6/1-backlog
5e4288108be29c3c44091381;To Do;Add date and time to image captured in evidence.;;['Byron de Villiers'];https://trello.com/c/Bis797xe/88-add-date-and-time-to-image-captured-in-evidence
5e43e9ec4ed1be0260b46cd9;To Do;Court date seems editable on front-end but;Court date does not change when issued - is it sent to the backend?;[];https://trello.com/c/xmLZgVQv/91-court-date-seems-editable-on-front-end-but
5e4e2659558b8132c0125435;To Do;Adding date watermark takes too long;;['Byron de Villiers'];https://trello.com/c/QEOvI4Lu/121-adding-date-watermark-takes-too-long
5e68b97f12f92c7189078df4;To Do;Enhance charge search capability (to be able to bring up part of keyword);;[];https://trello.com/c/DQ34vWCW/183-enhance-charge-search-capability-to-be-able-to-bring-up-part-of-keyword
5e37f8875243aa6c530be4fb;To Do;Law enforcement/traffic print heading vs notice number incorrect mapping;;[];https://trello.com/c/QCNHQEev/24-law-enforcement-traffic-print-heading-vs-notice-number-incorrect-mapping
5e3811eea8c4264fe0f8fbcc;To Do;Maximum call stack exceeded during master loader;;[];https://trello.com/c/4DBwbbsc/42-maximum-call-stack-exceeded-during-master-loader
5e4fd307fd8a387042348321;To Do;Add alert for charge code - filter mismatch;"Can we add an alert to address users who will quickly assume that the charge they are looking for is not in the catalog, just to prompt them to check the filter set. 

Alert text: “Charge code provided does not match the selected filter”
";['Brett de Villiers'];https://trello.com/c/6SC2snum/131-add-alert-for-charge-code-filter-mismatch
5e554b34257f645e01fd7ac7;To Do;"change print button on notices in history to ""Re-print [notice type]""";;[];https://trello.com/c/1K63naIW/153-change-print-button-on-notices-in-history-to-re-print-notice-type
5e68b8c5743e7c2fb06435c2;To Do;Is there a plan for a hard cable connection for the device scenarios where users cannot get to the device on offline scenarios or device damage etc, to manually get to the notice information that is on the device?;Will the “manual” downloading of the data from the device to be automatically transferred to ECC…this process to be defined (ERP & Peter Guy);['Riaz Patel'];https://trello.com/c/tL9D4cN5/182-is-there-a-plan-for-a-hard-cable-connection-for-the-device-scenarios-where-users-cannot-get-to-the-device-on-offline-scenarios-o
5e68ba124e14b62e6b61027d;To Do;Text formatting to be enhanced on print- justify maybe;;[];https://trello.com/c/7l7KacOm/185-text-formatting-to-be-enhanced-on-print-justify-maybe
5e6a13faf0ce4270e3e9de8b;To Do;Print: PrDP blank on slips instead of N/A (s56), signature overlap onto heading in all notice type prints;;['Riaz Patel'];https://trello.com/c/fAApXEA9/190-print-prdp-blank-on-slips-instead-of-n-a-s56-signature-overlap-onto-heading-in-all-notice-type-prints
5e70e08127f9b2147a24d380;To Do;We need to enable users to re-scan documents after an unsuccessful attempt (wrong type of doc scanned).;"Currently a user has to scroll to the bottom of e.g. person screen to discard the ""scanned data"" before the ""Sacn ID"" is available again";['Brett de Villiers'];https://trello.com/c/jQMvcs9b/202-we-need-to-enable-users-to-re-scan-documents-after-an-unsuccessful-attempt-wrong-type-of-doc-scanned
5e736a090fd506097b4599d3;To Do;Create Afaria tenant for Huawei devices;;['Riaz Patel'];https://trello.com/c/t9s0QzF8/208-create-afaria-tenant-for-huawei-devices
5e749d9d13ece48e56254618;To Do;cancel note reason is not capturing in the backend.;;['Brett de Villiers'];https://trello.com/c/pN6Vcf6z/217-cancel-note-reason-is-not-capturing-in-the-backend
5e74bdae9a5b851e2a5919a6;To Do;video not sent through to ECC for compliance notice but not displaying on ZCS_NOTICE_DOCS;"Ref C1/03439/812/007811. Case status notice loaded

No entry in CKS folder but video still on device. ";[];https://trello.com/c/DDSAe5Wr/220-video-not-sent-through-to-ecc-for-compliance-notice-but-not-displaying-on-zcsnoticedocs
5e784114a718fd638f2a5720;To Do;Enhance Charge search - Exact key word match search results should be displayed at the top of the list. Sorting of search results in this manner is required.;;['Brett de Villiers'];https://trello.com/c/RiY7lDoc/221-enhance-charge-search-exact-key-word-match-search-results-should-be-displayed-at-the-top-of-the-list-sorting-of-search-results-i
5e784e12d2224f34d3f6f716;To Do;When issue the CMP Notice from the Charge Catalogue :Court Details holds the “ COURT DATE , COURT ROOM & TIME “.;;['Byron de Villiers'];https://trello.com/c/jXzTFY0N/222-when-issue-the-cmp-notice-from-the-charge-catalogue-court-details-holds-the-court-date-court-room-time
5e784e3c9c086788da55a619;To Do;List the Countries in the Alphabetical Order.;;['Byron de Villiers'];https://trello.com/c/dRHOVOgC/223-list-the-countries-in-the-alphabetical-order
5e784e7edf28e57801f66677;To Do;When issue the CMP Notice from the charge catalogue – Follow Up Date and Follow Up Time is missing in the Issue Tab.;;['Byron de Villiers'];https://trello.com/c/r7xYe2j4/224-when-issue-the-cmp-notice-from-the-charge-catalogue-follow-up-date-and-follow-up-time-is-missing-in-the-issue-tab
5e7481ee4452aa198a133097;To Do;Notices : Please change the name 56 Final Print as Follow Up Final Print;;['Byron de Villiers'];https://trello.com/c/IKHk0fPH/213-notices-please-change-the-name-56-final-print-as-follow-up-final-print
5e7324344f32114a3b64a3c4;To Do;Country does not default to South Africa on business address on print slip for all notice types;;['Byron de Villiers'];https://trello.com/c/9LPVERYb/206-country-does-not-default-to-south-africa-on-business-address-on-print-slip-for-all-notice-types
5e7b0b487eb94d1b7d402d63;To Do;Review full sync process (takes very long and eventually results in error - timeout issue) and sync  when loading the app.;;['Brett de Villiers'];https://trello.com/c/CRgiOHTh/228-review-full-sync-process-takes-very-long-and-eventually-results-in-error-timeout-issue-and-sync-when-loading-the-app
5e7b26615c2424683a666776;To Do;"Need to review media upload, particularly images in compliance. cases are sitting in notice loaded or long periods. Case immediately goes into ""in process"" when submitted without the media file. Breaking the image into chunks may also be an option?";;[];https://trello.com/c/0ikbr6gI/232-need-to-review-media-upload-particularly-images-in-compliance-cases-are-sitting-in-notice-loaded-or-long-periods-case-immediatel
5e41410546506e4e8cf847c1;To Do;Printing history for CMP (and other notice types) and CMP FU;"get the message ""TypeError: Cannot call method 'toString' of undefined upon clicking Print, but printing actually occurs. This happens for all notice types when printing from history.";['Riaz Patel'];https://trello.com/c/OJkR1rRt/82-printing-history-for-cmp-and-other-notice-types-and-cmp-fu
5e53a41f19011e719063fde7;To Do;Court date does not change on back end if user changes it on front end before posting notice;;['Brett de Villiers', 'Nonnie'];https://trello.com/c/45Xvrkan/134-court-date-does-not-change-on-back-end-if-user-changes-it-on-front-end-before-posting-notice
5e7b4667e03bbf415777051d;To Do;Add validation to prevent the selection of a follow up date less/older than current date when issuing a compliance. No business case for setting follow up dates for yesterday;;['Brett de Villiers'];https://trello.com/c/pcDRiYig/233-add-validation-to-prevent-the-selection-of-a-follow-up-date-less-older-than-current-date-when-issuing-a-compliance-no-business-c
5e37f6646dd29a1e0fa36518;Doing;Doing;"These are the things that folks are working on.

All our engineers should have at least one item in this state.

If there are too few things here, they should be pulled off Todo.

When doing is done, cards move to Code Review.";[];https://trello.com/c/NEQLkemi/4-doing
5e7474ebc69e741d42b575b2;Doing;court drop down list values triplicated;;['Byron de Villiers'];https://trello.com/c/dOIVg2Fd/211-court-drop-down-list-values-triplicated
5e53a7ced96a258fb913ee76;Doing;Add camera overlay for scanning;;['Byron de Villiers'];https://trello.com/c/WxMyneYR/136-add-camera-overlay-for-scanning
5e38135bea1f1a1106ba9e4b;Doing;Ensure that documents can be sent with CMP follow up;;['Byron de Villiers'];https://trello.com/c/mKYlZ5Hk/49-ensure-that-documents-can-be-sent-with-cmp-follow-up
5e5524fd9420504b002288b5;Doing;Application version update;"Currently the application is built using angular 5 and ionic 3. This framework version is 3 years old and we haven't gone live yet.

Two known issues that this is affecting are:
    - @ionic-native/file - connect be upgraded
    - Date picker requires a newer version of angular 

Attempting to port the application to the latest version of ionic and angular.";['Byron de Villiers'];https://trello.com/c/Tf89bG7o/149-application-version-update
5e38370f29da8427f3d5da8c;Doing;Compliance follow up tasks do not clear from the task list soon enough - charges are all actioned with no new followups (may be used to filter tasks in task list);;['Brett de Villiers'];https://trello.com/c/8eHO2DYL/60-compliance-follow-up-tasks-do-not-clear-from-the-task-list-soon-enough-charges-are-all-actioned-with-no-new-followups-may-be-use
5e4aa1f86b15294f78b1c827;Doing;app.component - Big refactor;@brettdevilliers2  I have already done this in the port from to ionic 5. I'll add the  updated code in version 0.0.13 in the ionic 3 version.;['Brett de Villiers', 'Byron de Villiers'];https://trello.com/c/WOiO3L2I/102-appcomponent-big-refactor
5e53a6f4b0446b617c4f2a27;Doing;sap-request-service big refactor;@brettdevilliers2  I have already done this in the port from to ionic 5. I'll add the  updated code in version 0.0.13 in the ionic 3 version.;['Brett de Villiers', 'Byron de Villiers'];https://trello.com/c/AgnLtLQ2/135-sap-request-service-big-refactor
5e74a5a6345a9f2d1b51666d;Doing;cannot complete a follow up where 54 charge status is selected, spinner goes on forever;;['Brett de Villiers'];https://trello.com/c/Y2tdLZQT/219-cannot-complete-a-follow-up-where-54-charge-status-is-selected-spinner-goes-on-forever
5e37f942e884a41eeb3b7633;Doing;Vehicle additional info field must respond like other fields;;['Brett de Villiers'];https://trello.com/c/qIXfu65g/29-vehicle-additional-info-field-must-respond-like-other-fields
5e70f84a6a6647249ac9916b;Doing;person tab - scanning issues;"When scanning the leaner's licence, we don't pre-populate the driver's licence holder's ID no. type = South African ID. I dont see this field though on the case in the backend. SO even if i manually capture it, it doesnt go anywhere and the follow up does not have it. 

Another issue is that the app prompts me to save (or checks if i want to save it) the scanned data twice.";['Brett de Villiers'];https://trello.com/c/gfblXHDe/204-person-tab-scanning-issues
5e71f5cfe1356b2bcad46c39;Doing;Error Logging Service;;['Brett de Villiers'];https://trello.com/c/ixbrOF6E/205-error-logging-service
5e7a8d736c4f52463c7306f7;Doing;Create Afaria config for Huawei devices;;['Riaz Patel'];https://trello.com/c/DLZJT6jd/227-create-afaria-config-for-huawei-devices
5e7369f05ed819357bf3fc45;Doing;Generate keystore file for release build signing of APK;;['Riaz Patel'];https://trello.com/c/eDU3Ts3W/207-generate-keystore-file-for-release-build-signing-of-apk
5e785e6cf75f3464e8ae050b;Doing;Can we use the spinner as well on history from side menu. we Currently display that no items were found by default before we actually see whether items are returned from the backend (or so it seems). We should only display the message if there are no results;;['Brett de Villiers'];https://trello.com/c/aX8NcGTo/225-can-we-use-the-spinner-as-well-on-history-from-side-menu-we-currently-display-that-no-items-were-found-by-default-before-we-actu
5e7b0e6ab0941b2dc7dbd21a;Doing;Issuing 56 from CMP followup removes charge from the list (in CMP followup) when returning from issuing the 56;;['Brett de Villiers'];https://trello.com/c/oimbCeR6/229-issuing-56-from-cmp-followup-removes-charge-from-the-list-in-cmp-followup-when-returning-from-issuing-the-56
5e62219d2400917c6c8a5b6b;Doing;Screen stuck on submitting notice when mobile data switched off;;['Brett de Villiers'];https://trello.com/c/qxmigkdQ/170-screen-stuck-on-submitting-notice-when-mobile-data-switched-off
5e7b55e0edffb1304a277467;Doing;56 from draft was placed in offline queue upon submission but unsent items is empty, nothing in drafts, no case created in backend. Notice nr S1/0308*/810/007251 ... sorry can't recall the sequential number there.;repeated test, same thing occurred, notice number S1/03081/810/007253;[];https://trello.com/c/PV6Nb3CJ/234-56-from-draft-was-placed-in-offline-queue-upon-submission-but-unsent-items-is-empty-nothing-in-drafts-no-case-created-in-backend
5e7b6b40685c532e0e4c501a;Doing;printing does not work in offline mode. get error:;example is from a 56;[];https://trello.com/c/5UtmTNv2/235-printing-does-not-work-in-offline-mode-get-error
5e7b11ab4246bc02eae59245;Completed;Complete;"This list is for items which developers have completed however are not yet in the current build for testing. 

When the mobile development team has merged and updated the application version, it moves off to Testing.";[];https://trello.com/c/xNzXcwR0/230-complete
5e749b3472df76130f9ebaeb;Completed;Cannot issue a 56 from a compliance (follow up). Spinner just goes on continuously after selecting to issue 56 on a charge.;;['Brett de Villiers'];https://trello.com/c/Z90bMuL8/216-cannot-issue-a-56-from-a-compliance-follow-up-spinner-just-goes-on-continuously-after-selecting-to-issue-56-on-a-charge
5e43f1bdf2bc380e1e2cdf8e;Completed;Printing 56 & 341 from cmp prints cmp template instead of 56 template;Follow up with @riazpatel6 ;['Riaz Patel', 'Byron de Villiers'];https://trello.com/c/bEEcNbk2/93-printing-56-341-from-cmp-prints-cmp-template-instead-of-56-template
5e68b9c95ddfd432b0b86c93;Completed;"Print label mismatch (should e.g. read 56 instead of compliance) - in history. Rather keep it generic: ""Re-print notice""";;['Byron de Villiers'];https://trello.com/c/zWK2tNxq/184-print-label-mismatch-should-eg-read-56-instead-of-compliance-in-history-rather-keep-it-generic-re-print-notice
5e37f8f70dce72828974bc05;Completed;History show charges in standard form;Charges should display similar to how they do in issue notice - indicate which charge is primary and which is alternative ;['Byron de Villiers'];https://trello.com/c/ee0zKj1V/27-history-show-charges-in-standard-form
5e748e51f44ed7131990eb3c;Completed;Compliance print issues;"Displaying variable %CHARGE_NOTE% for corrective action field. Captured values not pulled through. Should display N/A where nothing was captured on the app.

Other issue is a compliance created from taking over data (e.g. location and person) from a previously issued compliance results in print with <b> tags on notice slip heading and the contact details heading. ";['Byron de Villiers'];https://trello.com/c/x6sjHnzV/215-compliance-print-issues
5e74a54a41a38d8fb79c8cf5;Completed;compliance follow up print: Notice number missing, corrective action, charge status and NoAG values not displaying.;;['Byron de Villiers'];https://trello.com/c/hxtEHJGq/218-compliance-follow-up-print-notice-number-missing-corrective-action-charge-status-and-noag-values-not-displaying
5e745f512ad5ea187e593d2f;Completed;Evidence audio file entry missing in Review;;['Byron de Villiers'];https://trello.com/c/2RqvLDVW/210-evidence-audio-file-entry-missing-in-review
5e7481fd2236aa806fba4861;Completed;Offender Unable to Sign reason is not capturing in the back end.;;['Brett de Villiers'];https://trello.com/c/kwqUdUv3/214-offender-unable-to-sign-reason-is-not-capturing-in-the-back-end
5e78a3a03bfdf97bbd6d1c55;Completed;Master loader full sync updated method;Break up full sync master data loader into sub-components in an attempt to improve the reliability of the method for poor network connections (have as alternative method);['Brett de Villiers'];https://trello.com/c/htkwhZpN/226-master-loader-full-sync-updated-method
5e7481cb817bb7197bf46849;Completed;Officer signature is captured twice [ Offender Signature is missing];;['Brett de Villiers'];https://trello.com/c/qaxK68xX/212-officer-signature-is-captured-twice-offender-signature-is-missing
5e737c6fb9e7ef7cb4c61db0;Completed;offender signature does not pull through to the backend case in 341 scenario;;['Brett de Villiers'];https://trello.com/c/BfpWTtoz/209-offender-signature-does-not-pull-through-to-the-backend-case-in-341-scenario
5e7b13fe78b50427225279c5;Completed;Issue notice provider architecture redesign and implementation;Break up issue notice provider to handle data components, offline, notice and compliance followup parts independently;['Brett de Villiers'];https://trello.com/c/vlAiMfH7/231-issue-notice-provider-architecture-redesign-and-implementation
5e37f6646dd29a1e0fa3651c;Review;Code Review;"This list is for items in code review. 

When a task has gotten approval, it moves off to Testing.

If there are too many cards here, we should break off from other tasks to get code review done.";[];https://trello.com/c/TbxUCm32/6-code-review
5e4d2fca7a5893260377d097;Review;Signature screen on tablet is tiny;;[];https://trello.com/c/ryvnhiOV/117-signature-screen-on-tablet-is-tiny
5e442c6685677980d8dff979;Review;Create print service for all printing pages to call.;This will be a lot more maintainable as only the print service will need to be maintained and not each function in every page that requires printing. Furthermore this will greatly reduce the amount of code in the app.;['Byron de Villiers'];https://trello.com/c/8wD2TgVE/96-create-print-service-for-all-printing-pages-to-call
5e37f964905af8767ac7fa22;Review;Avatars on daily tasks, history and unset to only be CMP, 341 and 56;;['Brett de Villiers'];https://trello.com/c/6o7FXgsh/30-avatars-on-daily-tasks-history-and-unset-to-only-be-cmp-341-and-56
5e6f05208fe9556429de143a;Review;What is happening with the NOTICE_NUMBERS table? Appears to not be cleaned up. Currently have 620 entries in mine;;['Brett de Villiers'];https://trello.com/c/ifBacvgC/199-what-is-happening-with-the-noticenumbers-table-appears-to-not-be-cleaned-up-currently-have-620-entries-in-mine
5e38118035a99d5f7df300e0;Review;Add counter for every time a notice is attempted to be issued. Sort list of notices on offline queue by lower count.;;['Brett de Villiers'];https://trello.com/c/nldVa2FE/38-add-counter-for-every-time-a-notice-is-attempted-to-be-issued-sort-list-of-notices-on-offline-queue-by-lower-count
5e6a4c6642e9322fed4d865e;Review;extra fields on charges do not display on notices in history;;['Byron de Villiers'];https://trello.com/c/52gXzUKU/195-extra-fields-on-charges-do-not-display-on-notices-in-history
5e6a32e507935d1ece7e35aa;Review;Charges under the Meters extra field group are displaying the multiplier field, this should not be the case.;Email sent with detail, subject: Extra fields: Meter charges also have multiplier field on mobile;['Byron de Villiers'];https://trello.com/c/yrB8zwE3/194-charges-under-the-meters-extra-field-group-are-displaying-the-multiplier-field-this-should-not-be-the-case
5e6b6d31673f76310171b844;Review;Set notice submission status to flagged when receiving error code 499;;['Brett de Villiers'];https://trello.com/c/suxPbzpy/197-set-notice-submission-status-to-flagged-when-receiving-error-code-499
5e380f954535e7839a51c140;Review;Charges with additional fields showing in review;;['Byron de Villiers'];https://trello.com/c/CCxF4DGG/33-charges-with-additional-fields-showing-in-review
5e6b243cfc26740b17a713a1;Review;Send intent from EPIC app to Contra to end itself when EPIC logout is triggered;;['Riaz Patel', 'Rieyaad Abrahams'];https://trello.com/c/pv1u8Z3k/196-send-intent-from-epic-app-to-contra-to-end-itself-when-epic-logout-is-triggered
5e68bab0f4c81435ff47c76f;Review;Grammar issue on pop up when you want to exit app during issue;;['Brett de Villiers'];https://trello.com/c/aK3wXu8L/187-grammar-issue-on-pop-up-when-you-want-to-exit-app-during-issue
5e38142952a3d515d672ad8b;Review;For person type minor - check that the age and birth date is under 18;;['Brett de Villiers'];https://trello.com/c/skuzkYmU/55-for-person-type-minor-check-that-the-age-and-birth-date-is-under-18
5e677892d4f929347e86535c;Review;Look at court dates selected on location tab;;['Byron de Villiers'];https://trello.com/c/9pePq5se/175-look-at-court-dates-selected-on-location-tab
5e37f83eb232f2877d3e82ec;Review;Look at updating location tab to filter dates from master data provider;Order court dates list, do the dates match the courts?;['Nonnie', 'visu 1225', 'Byron de Villiers'];https://trello.com/c/ozhgZ55J/23-look-at-updating-location-tab-to-filter-dates-from-master-data-provider
5e68b891d0e93c8bf0abd677;Review;Court Room number in print different from what’s on device;;['Byron de Villiers'];https://trello.com/c/V0EcamLc/181-court-room-number-in-print-different-from-whats-on-device
5e6257c6bb9c131ee836c1db;Review;Not all master data is loaded when app is started in offline mode;;['Brett de Villiers'];https://trello.com/c/XHjEWdkx/172-not-all-master-data-is-loaded-when-app-is-started-in-offline-mode
5e551fd736ca9649271bcd9c;Review;normal S56 print: PrPD_TYPE_TEXT variable displaying instead of N/A, also default South Africa as country on print for Business address.;PrDP type issue occurs with scenario where scanning is done for person.;['Byron de Villiers'];https://trello.com/c/JbNDKu9x/147-normal-s56-print-prpdtypetext-variable-displaying-instead-of-n-a-also-default-south-africa-as-country-on-print-for-business-addr
5e68ba8d1e534a7fba6aaa63;Review;Issue notice from charge catalogue - selected charge not automatically pulled through to charge tab of notice, manual selection and capture still required.;;['Byron de Villiers'];https://trello.com/c/WmQNVQWD/186-issue-notice-from-charge-catalogue-selected-charge-not-automatically-pulled-through-to-charge-tab-of-notice-manual-selection-and
5e4f530ea1226d6f6bf8e159;Review;Multiple prints (looks like when starting from a draft) cause SQL insert error;"{message: ""sqlite3_step failure: UNIQUE constraint failed: NOTICE_DRAFT.NOTICE_NUMBER, NOTICE_DRAFT.VERSION"", code: 6}
code
:
6
message
:
""sqlite3_step failure: UNIQUE constraint failed: NOTICE_DRAFT.NOTICE_NUMBER, NOTICE_DRAFT.VERSION""";['Riaz Patel', 'Brett de Villiers'];https://trello.com/c/Guswr1Ih/128-multiple-prints-looks-like-when-starting-from-a-draft-cause-sql-insert-error
5e55259b8acb5f89ba9dae9f;Review;unable to sign and reason not captured on case, although supplied on mobile frontend.;;['Brett de Villiers'];https://trello.com/c/O0NMlMEc/150-unable-to-sign-and-reason-not-captured-on-case-although-supplied-on-mobile-frontend
5e4baa72d30d6202160f4401;Review;Court room details are not capturing in mobile;;['Byron de Villiers'];https://trello.com/c/fyhLeMj0/104-court-room-details-are-not-capturing-in-mobile
5e61c857396a541d8ad199a9;Review;"Error on submitting notice from offline to online - DB failure on execute -> SELECT * FROM NOTICE_DOCUMENTS WHERE NOTICE_NUMBER = 'H1/08589/811/018160' main.js:7094 code: 5message: ""sqlite3_prepare_v2 failure: no such table: NOTICE_DOCUMENTS""__proto__: Object main.js:8316 Reading drafts from table NOTICE_DOCUMENTS failed: TypeError: Cannot read property 'length' of undefined";;['Brett de Villiers'];https://trello.com/c/O8gJAM6o/169-error-on-submitting-notice-from-offline-to-online-db-failure-on-execute-select-from-noticedocuments-where-noticenumber-h1-08589
5e56c963531a495f6bff7a29;Review;Charges in notice reissue have 0, 1, 2 as weird additional keys added;;['Brett de Villiers'];https://trello.com/c/q0Ag9kVG/161-charges-in-notice-reissue-have-0-1-2-as-weird-additional-keys-added
5e57a8648c312e8cee97519f;Review;Second level validations just before Submit notice;"ztemp119 (56 submitted with no offender data - this should be mandatory for issue)
";['Riaz Patel', 'Brett de Villiers', 'Byron de Villiers', 'Nonnie'];https://trello.com/c/225V4Px0/162-second-level-validations-just-before-submit-notice
5e5cd8e525fa3a359a4c7af8;Review;Validations provider;;['Brett de Villiers'];https://trello.com/c/zfukdUWG/165-validations-provider
5e56c3f1cc826f0daf26a6b2;Review;Charge note is not added when selecting charge from charge catalogue - in notice;;['Brett de Villiers'];https://trello.com/c/KhC1MPdb/160-charge-note-is-not-added-when-selecting-charge-from-charge-catalogue-in-notice
5e56bd16619868063b6319f2;Review;Compliance followup issue contravention button should not be active before print has completed;;['Brett de Villiers', 'Byron de Villiers'];https://trello.com/c/UH7L7Bww/159-compliance-followup-issue-contravention-button-should-not-be-active-before-print-has-completed
5e53ad84d20e54760185a9d9;Review;Enable provision of contact details for the 4 departments in compliance prints;;['Riaz Patel', 'Nonnie'];https://trello.com/c/eBSoH4hQ/137-enable-provision-of-contact-details-for-the-4-departments-in-compliance-prints
5e3810e71eba935a2e823b6e;Review;Matt - Look at signatures page on tablets;;[];https://trello.com/c/OIlGaLMZ/36-matt-look-at-signatures-page-on-tablets
5e68b802cd7f86713cf5cf91;Review;Notice number missing in backend for CMP FU;;['Riaz Patel', 'Brett de Villiers'];https://trello.com/c/cV57PF0q/180-notice-number-missing-in-backend-for-cmp-fu
5e3811c073251882c4892ada;Review;Look at issues when capturing person as representative;;['Byron de Villiers'];https://trello.com/c/4kzBX41R/40-look-at-issues-when-capturing-person-as-representative
5e53b217852bfe46cc2e31da;Review;Geo locate issue - populates the additional address info field with the street no, name and suburb however it does not populate the actual address information as listed under the address: e.g. Street will not be populated, Suburb etc. (street field missing);;['Brett de Villiers'];https://trello.com/c/rrsRLIf9/138-geo-locate-issue-populates-the-additional-address-info-field-with-the-street-no-name-and-suburb-however-it-does-not-populate-the
5e37f7b6a2044e6b01ae07ae;Review;Business person object remove additional representative info;;['Brett de Villiers'];https://trello.com/c/IwPHjf15/18-business-person-object-remove-additional-representative-info
5e53f860f64906156a80a3da;Review;NAG prints YES for charges where fine amount > R0;;['Riaz Patel'];https://trello.com/c/VKNWS2df/142-nag-prints-yes-for-charges-where-fine-amount-r0
5e53fb9971803682fd2b1107;Review;341 printed without the 341 header info again and the person details did not print - H1/00876/813/002736;"- selected offender refused to sign but print contains a signature from previous  notice issued.
- issue notice button did not become active after print but did on the second print.";['Riaz Patel'];https://trello.com/c/7DZBjL1k/143-341-printed-without-the-341-header-info-again-and-the-person-details-did-not-print-h1-00876-813-002736
5e3d35c531d2c16b0e126d79;Review;every single cancellation reason should have a additional info field;"all cancellation reasons must have an associated free text field for use when officer needs to add some note/reference. These new fields will be optional except in the case of the reason ""Other"". A note must always be added for the reason ""Other"".";['Brett de Villiers', 'Byron de Villiers'];https://trello.com/c/WwXkSrpf/79-every-single-cancellation-reason-should-have-a-additional-info-field
5e3bc62269cc958630b5cd34;Review;History Notice Review not populated;;['Byron de Villiers'];https://trello.com/c/DIXljysi/67-history-notice-review-not-populated
5e566df598b51d0454724bd3;Review;View Notice - History;Look at object mapping;['Brett de Villiers', 'Byron de Villiers'];https://trello.com/c/BFXf8UuR/154-view-notice-history
5e5520c2de89802a2d063a2e;Review;Indicate under Accused signature on prints whether Offender refused or was unable to sign.;;['Riaz Patel'];https://trello.com/c/HIlvqx5F/148-indicate-under-accused-signature-on-prints-whether-offender-refused-or-was-unable-to-sign
5e567f11b20f4e8418808c37;Review;Cancellation reason other - Must not allow empty text box. (Validation);;['Byron de Villiers'];https://trello.com/c/USGfDt5I/155-cancellation-reason-other-must-not-allow-empty-text-box-validation
5e453f6dfd3bdb52737023bc;Review;When adding reference document - provide a message to say that the licence is expired (if expired);;['Byron de Villiers'];https://trello.com/c/BZ3HOGlN/98-when-adding-reference-document-provide-a-message-to-say-that-the-licence-is-expired-if-expired
5e456380d95b3465d1b1983f;Review;Old details in nav provider if a new notice is being issued (this only happens in the case where the user does not nav through person tab);;['Byron de Villiers'];https://trello.com/c/PE9RPKDW/99-old-details-in-nav-provider-if-a-new-notice-is-being-issued-this-only-happens-in-the-case-where-the-user-does-not-nav-through-pe
5e53eeb6e174d5263c526abb;Review;Evidence file carried over to new compliance notice, even though not selected to be carried over.;"@brettdevilliers2 @riazpatel6 

C1/00787/813/002508

oh oh oh... it looks like a video file from the previous notice was also carried over (even though i did not capture any evidence for the current notice).
See original notice C1/00786/813/002506 (video was successfully loaded).

file:///storage/emulated/0/DCIM/Camera/20200224_171059.mp4
docs table in SPD indicates that this file has not yet been uploaded  for the current notice but no CKS folder exists for it (probably because this wasnt technically captured from the current notice????

We had this issue or a similar one last week as well.";['Byron de Villiers'];https://trello.com/c/XwhU9isK/140-evidence-file-carried-over-to-new-compliance-notice-even-though-not-selected-to-be-carried-over
5e3811fc7dcfa03d1ffa04f4;Review;Complete validations (UI cue);;['Brett de Villiers'];https://trello.com/c/ieIv6YA3/43-complete-validations-ui-cue
5e3d257e23360f1f63f9b3cb;Review;Check that correct notice types are repleinshed when getting new notice numbers according to what the user is able to issue;;['Byron de Villiers'];https://trello.com/c/TRTpOAH0/77-check-that-correct-notice-types-are-repleinshed-when-getting-new-notice-numbers-according-to-what-the-user-is-able-to-issue
5e4282b3ac66784b38edb45c;Review;Add validation to the second charge added to a notice to check if it is an NAG or AG. If the charge type is the same as the one already added then display alert and prevent user from adding the charge.;"NAG and AGs cannot be mixed in a single notice. A notice can only contain a single type of charge. 

Error message/alert should display as ""Please issue a separate notice for this charge. NAG and AG offences cannot be added onto the same notice.""";['Brett de Villiers'];https://trello.com/c/txtY0E5B/87-add-validation-to-the-second-charge-added-to-a-notice-to-check-if-it-is-an-nag-or-ag-if-the-charge-type-is-the-same-as-the-one-a
5e3814c504ffbf1dd84da452;Review;"unset menu button has no message indicating ""no unset items""";;['Brett de Villiers'];https://trello.com/c/EfpAu0qT/58-unset-menu-button-has-no-message-indicating-no-unset-items
5e53ed016181511e49976991;Review;Compliance follow up date and time do not print (N/A printed);"@brettdevilliers2 

C1/00787/813/002508

original compliance notice issued did print the follow up date and time. New compliance was issued through carrying over location and person from the previous/original (on the successful notice issue confirmation page - click ""proceed to issue notice""). Follow up date and time were supplied but the print did not have them.";['Brett de Villiers'];https://trello.com/c/MCQvpQFY/139-compliance-follow-up-date-and-time-do-not-print-n-a-printed
5e53f608f7a1131e61aba5d2;Review;location missing on compliance follow up and consequently on the resulting 56, along with court date in the 56. the notice however prints successfully without the court date (a mandatory field for a 56), this should not be the case.;"- please also change label on print button for a compliance 56 to read 'Print follow up: 56 notice' in full.
- the ""complete follow up"" button is active prior to print

";['Brett de Villiers', 'Riaz Patel'];https://trello.com/c/VxJffQeR/141-location-missing-on-compliance-follow-up-and-consequently-on-the-resulting-56-along-with-court-date-in-the-56-the-notice-however
5e552e4c7a63c17312e5a725;Review;Notice number does not print for 341 - no person has been captured in this scenario - H1/08794/811/018570;;['Riaz Patel'];https://trello.com/c/n97daNHi/151-notice-number-does-not-print-for-341-no-person-has-been-captured-in-this-scenario-h1-08794-811-018570
5e53fd0b6f9fde3b45f43aca;Review;court date missing in 56 issue (court selected manually);;['Brett de Villiers', 'Byron de Villiers'];https://trello.com/c/aVjznxxD/144-court-date-missing-in-56-issue-court-selected-manually
5e3d2553900436143a310b34;Review;Add notice number check after submitting a notice in online mode;;['Byron de Villiers'];https://trello.com/c/S35QM0os/76-add-notice-number-check-after-submitting-a-notice-in-online-mode
5e41144736c92373010fdc93;Review;"Offender signature: Add ""Offender could not sign"" checkbox, which when checked brings up an additional free text field for the user to provide the reason for the offender not being able to sign.";;['Brett de Villiers'];https://trello.com/c/DCDNohAz/81-offender-signature-add-offender-could-not-sign-checkbox-which-when-checked-brings-up-an-additional-free-text-field-for-the-user
5e43c1bca942d30bcf6597fc;Review;Offence date & time changes to current when the notice is opened in History;;['Brett de Villiers'];https://trello.com/c/BKuxFv1V/89-offence-date-time-changes-to-current-when-the-notice-is-opened-in-history
5e4e4247933d9903b683d2f8;Review;Compliance related items;"- i can sign and select offender refused to sign in compliance follow up
- ""complete follow up"" button is enabled even before printing is done on CMP follow up.
- statuses are not displayed on compliance notice in history after the follow up is actioned. 
";['Brett de Villiers', 'Byron de Villiers'];https://trello.com/c/JFtzgOnb/123-compliance-related-items
5e4fc6961a11986c4bde7693;Review;Court date and time sending to the backend fir 341 and CMP. Must only send these for 56 Notices.;;['Byron de Villiers'];https://trello.com/c/fxVVrDmD/130-court-date-and-time-sending-to-the-backend-fir-341-and-cmp-must-only-send-these-for-56-notices
5e4fbf7c984b6617213267c5;Review;National Law vs. By Law filtering in charge search.;;['Byron de Villiers'];https://trello.com/c/Q5KHMyEO/129-national-law-vs-by-law-filtering-in-charge-search
5e4e26389d8371279e2bd1fa;Review;When I try to issue the 341 Notice from the Charge Catalogue @Hide  : Court Date, Court Room and Time information.;;['Byron de Villiers'];https://trello.com/c/vj2VNHUS/120-when-i-try-to-issue-the-341-notice-from-the-charge-catalogue-hide-court-date-court-room-and-time-information
5e4e263053a22e245f1a9044;Review;When I try to issue the CMP Notice from the Charge Catalogue @Hide : Court Date, Court Room and Time information.;;['Byron de Villiers'];https://trello.com/c/MuUizZDo/119-when-i-try-to-issue-the-cmp-notice-from-the-charge-catalogue-hide-court-date-court-room-and-time-information
5e414a1f8fe1723c48026fbe;Review;"On document type other add additional text field: ""Other document/licence type""";;['Byron de Villiers'];https://trello.com/c/s9DtMYlF/85-on-document-type-other-add-additional-text-field-other-document-licence-type
5e4d6dd90cde570de7cec306;Review;Add additional charge fields;"Additional fields:

lengthMeters: number;
numberWheels: number;
parkingSignDetails: string;

for chargeFldGroups: 8, 10 and 11 respectively.";['Byron de Villiers'];https://trello.com/c/xOolRadk/118-add-additional-charge-fields
5e4e6fd33d0ed543bb0f5936;Review;Print must show short charge description;;['Riaz Patel'];https://trello.com/c/dzminnai/125-print-must-show-short-charge-description
5e4ef6444de4ba254be62daf;Review;Payment date not printing;;['Riaz Patel'];https://trello.com/c/sZzOukLU/127-payment-date-not-printing
5e4e6f748871b205604ba5d1;Review;All charges NOAG defaults to YES;;['Riaz Patel'];https://trello.com/c/erZLt09k/124-all-charges-noag-defaults-to-yes
5e4bac054c7a057540fef72a;Review;Master loader promise is returning too early before data is populated - signing has an issue due to this;;['Byron de Villiers', 'Brett de Villiers'];https://trello.com/c/kvo9jqIM/106-master-loader-promise-is-returning-too-early-before-data-is-populated-signing-has-an-issue-due-to-this
5e60d7b1aba97d40a265be22;Review;Send final print text in base64 to backend when notice submitted;;['Riaz Patel'];https://trello.com/c/woX8pQbQ/168-send-final-print-text-in-base64-to-backend-when-notice-submitted
5e4cfde1acb25a1fa48d8838;Review;"Error with inserting draft - 6message: ""sqlite3_step failure: UNIQUE constraint failed: NOTICE_DRAFT.NOTICE_NUMBER, NOTICE_DRAFT.VERSION""__proto__: Object";Notice Issue Tab;[];https://trello.com/c/cvG9q8uL/113-error-with-inserting-draft-6message-sqlite3step-failure-unique-constraint-failed-noticedraftnoticenumber-noticedraftversionproto
5e4d0ce90e5b803c4fe34842;Review;Notice number not being deleted after successful post;;['Byron de Villiers'];https://trello.com/c/CEwwPTYj/114-notice-number-not-being-deleted-after-successful-post
5e4d11765e9e75781ac62f94;Review;Signature page after master loader still slow;;['Byron de Villiers', 'Brett de Villiers'];https://trello.com/c/qQr3GSOc/115-signature-page-after-master-loader-still-slow
5e3d1aa2fcf772536bfe9ae9;Review;Check after master loader that large data sets (streets, charges) are not empty. If they are full sync;;['Byron de Villiers'];https://trello.com/c/4TuQx3Ap/73-check-after-master-loader-that-large-data-sets-streets-charges-are-not-empty-if-they-are-full-sync
5e37f6646dd29a1e0fa36528;Review;Vehicle save button hiding below tabs;;['Byron de Villiers'];https://trello.com/c/AxXDXWaG/12-vehicle-save-button-hiding-below-tabs
5e43f1cc036a3b8a7b479abb;Review;Issue available before print on CMP FU;;['Byron de Villiers'];https://trello.com/c/lqqqZQEm/94-issue-available-before-print-on-cmp-fu
5e38113944d4b40ad7769741;Review;Boolean values sent to backend on issue should be 'X' or '' (look at isTaxi);;['Brett de Villiers'];https://trello.com/c/nO7OmVGA/37-boolean-values-sent-to-backend-on-issue-should-be-x-or-look-at-istaxi
5e381304cf9d954f1685f770;Review;Check maser data obsolete indicator during master loader;;['Brett de Villiers'];https://trello.com/c/xJMIkrMP/46-check-maser-data-obsolete-indicator-during-master-loader
5e43f1d9b177451ce6060cc4;Review;N/A for vehicle missing on FU print;;['Byron de Villiers'];https://trello.com/c/86Bc1CJp/95-n-a-for-vehicle-missing-on-fu-print
5e381387fb53ac373cffc7e6;Review;Look at obsolete data flag;;['Brett de Villiers'];https://trello.com/c/ajyuXTGk/52-look-at-obsolete-data-flag
5e3bd443935a777c33cfa4be;Review;Review notice page - The view does not close when a business is added to the notice.;Business details were also not showing. This has now been fixed.;['Byron de Villiers'];https://trello.com/c/ZsTf2fvj/68-review-notice-page-the-view-does-not-close-when-a-business-is-added-to-the-notice
5e37f7e33488a6101f98461e;Review;Offender signature default on issue page;;['Brett de Villiers'];https://trello.com/c/MtN8iuPD/20-offender-signature-default-on-issue-page
5e3810c36fb80b0a9e23241a;Review;Look at review notice view issues;Compliance follow up (or all notice types) reconcile the data that is shown - Should be the same as the review for normal notice.;['Byron de Villiers'];https://trello.com/c/33CAzdb2/35-look-at-review-notice-view-issues
5e414aa4073a9a6c8f02d0c1;Review;Create Print Map Service - Convert legacy print map code;Print map service will reduce the maintenance going forward as it would follow the objects key value pairs. If the object is updated there will be no need to update the code it will automatically update what is printed. This will also reduce the amount of code needed to obtain the same functionality;['Byron de Villiers', 'Riaz Patel'];https://trello.com/c/YwfxNQo9/86-create-print-map-service-convert-legacy-print-map-code
5e3d1ac226ba674a2832ddd3;Review;Update notice number pool to 20 of each type;;['Riaz Patel'];https://trello.com/c/m6pAhQ0b/75-update-notice-number-pool-to-20-of-each-type
5e68b6d816d07308bc53ac28;Review;vehicle : Make and Description are not mandatory. In 56,341 & CMP [ If offender doesn't have vehicle];;[];https://trello.com/c/UWkNpV7i/177-vehicle-make-and-description-are-not-mandatory-in-56341-cmp-if-offender-doesnt-have-vehicle
5e43f1a3711fa0030a8378ca;Review;Print CMP FU - charge status missing for 54;;['Riaz Patel'];https://trello.com/c/tK1LtoaH/92-print-cmp-fu-charge-status-missing-for-54
5e4146392d9db278890b16b3;Review;Add history return button in navbar when entering from the side menu;;['Brett de Villiers'];https://trello.com/c/WcwTJTjR/84-add-history-return-button-in-navbar-when-entering-from-the-side-menu
5e3d1ab664d78e52faebf6f7;Review;Add notice number check in background service for connectivity check;;['Riaz Patel'];https://trello.com/c/Gr9YdVr1/74-add-notice-number-check-in-background-service-for-connectivity-check
5e381282cb8be627138f7598;Review;If offender signs - remove offender refused to sign;;['Brett de Villiers'];https://trello.com/c/Y4Ycq9GN/45-if-offender-signs-remove-offender-refused-to-sign
5e3814851cd9ba70cc583595;Review;Go to History from side menu, no back button;;['Brett de Villiers'];https://trello.com/c/BVN9TPVo/57-go-to-history-from-side-menu-no-back-button
5e3811d265ca7806c7db5abb;Review;Look at offender signing on tablet;;[];https://trello.com/c/jjA5hQvU/41-look-at-offender-signing-on-tablet
5e37f7f20da94565dc5f6cc7;Review;Are cancelled notices shown on in history;;['Brett de Villiers'];https://trello.com/c/5F77RHd4/21-are-cancelled-notices-shown-on-in-history
5e38132b90c40414e41a068f;Review;Look street not being sent to the backend in the notice issue;;['Brett de Villiers'];https://trello.com/c/W1L5C09c/47-look-street-not-being-sent-to-the-backend-in-the-notice-issue
5e3bc5e9cd75658c09bc8aa8;Review;History tabs not populated;;['Brett de Villiers'];https://trello.com/c/Rmb0pKNY/65-history-tabs-not-populated
5e4145f960ea007942be8dc6;Review;Do not process validations on add-item modal - person if the field is empty (empty string);When selecting a field with validations on the person tab an error message occurred asking for the field to have a valid entry. An empty field should also be a valid entry;['Brett de Villiers'];https://trello.com/c/2tgUDQx5/83-do-not-process-validations-on-add-item-modal-person-if-the-field-is-empty-empty-string
5e3813e4a19c031e70226695;Review;If print fails make sure to overwrite draft entry as print count will remain the same and print count is key;;['Riaz Patel', 'Byron de Villiers'];https://trello.com/c/N8ikpixq/53-if-print-fails-make-sure-to-overwrite-draft-entry-as-print-count-will-remain-the-same-and-print-count-is-key
5e55075479a6ef8e54de9f2d;Review;Error Posting Notice - Case type '' is invalid when doing a 56 from draft;;['Brett de Villiers', 'Riaz Patel'];https://trello.com/c/DdYLr7Ql/146-error-posting-notice-case-type-is-invalid-when-doing-a-56-from-draft
5e37f6646dd29a1e0fa3651e;;Testing;"Cards come here after being code reviewed, and we're in a place for QA and fixing things QA finds. Design review also happens at this stage.

If we have too many cards here, we should throw a flag and figure out whether we're building things that take too many passes of QA, or if we're bottlenecked on QA time.";[];https://trello.com/c/z60X8nQH/7-testing
5e37f6646dd29a1e0fa3651a;done;Done;We shipped it to production! ;[];https://trello.com/c/KuOmmPGd/5-done
5e6a1bb2383bc28ab63ebbb3;done;Spacer between signature header and actual signature on print;;['Riaz Patel'];https://trello.com/c/phJdBk6N/193-spacer-between-signature-header-and-actual-signature-on-print
5e67784886f3b308239e3e54;done;Evidence files not retained in drafts;;['Brett de Villiers'];https://trello.com/c/O4ID50iz/174-evidence-files-not-retained-in-drafts
5e6659d923744367e1eef743;done;Validations should not be checked for notice cancellation;;['Brett de Villiers'];https://trello.com/c/4qr86hT1/173-validations-should-not-be-checked-for-notice-cancellation
5e6221e3bbb2e46f5af027c9;done;Offline mode not working - stops on getting user profile;;['Brett de Villiers', 'Riaz Patel', 'Byron de Villiers'];https://trello.com/c/695dfsKk/171-offline-mode-not-working-stops-on-getting-user-profile
5e5cd86013e3f81e554ec811;done;Unable to sign UI on issue notice tab;Selecting refused to sign tick box should untick unable to sign and visa versa;['Brett de Villiers'];https://trello.com/c/gROMOvXp/163-unable-to-sign-ui-on-issue-notice-tab
5e568475d7c0996f4c99bbb8;done;Revert Image capturing to no water mark for the UAT until the ionic and angular update is complete.;;['Byron de Villiers'];https://trello.com/c/nbYnSX3U/156-revert-image-capturing-to-no-water-mark-for-the-uat-until-the-ionic-and-angular-update-is-complete
5e568573e6e2bc21d0bd60cc;done;Notice time and date not showing in notice issue tab from history;Offence date and time is actually not populating when issuing the notice. ;['Byron de Villiers'];https://trello.com/c/DyYKKiek/157-notice-time-and-date-not-showing-in-notice-issue-tab-from-history
5e68d70fd5a25a04db9b4129;done;Cancellation of notices broken. Screen remains on issue tab after submitting cancellation reason;;[];https://trello.com/c/RkpewUYN/189-cancellation-of-notices-broken-screen-remains-on-issue-tab-after-submitting-cancellation-reason
5e37f8e3f38bb128ef8018c9;done;Add more rules to search item modal sort list with characters appearing at the start of a word (look at guide for better sorting/filtering methods);Enhance charge search capability (to be able to bring up part of keyword);['Brett de Villiers'];https://trello.com/c/kkgQ2ZvX/26-add-more-rules-to-search-item-modal-sort-list-with-characters-appearing-at-the-start-of-a-word-look-at-guide-for-better-sorting
5e6780442425fa7b0d7081b9;done;Traffic wants to filter by charge group to get to charge quicker: filters should therefore be NRTA, NLTA, NRTR, Axle explicitly instead of national law;"""By law"" should remain as one of the filters";['Byron de Villiers'];https://trello.com/c/VCZ4vM9P/176-traffic-wants-to-filter-by-charge-group-to-get-to-charge-quicker-filters-should-therefore-be-nrta-nlta-nrtr-axle-explicitly-inst
5e4bab3239aa552ce1caaeb5;done;Get merged offender details in person tab;This is in only in add item modal for businesses;['Byron de Villiers'];https://trello.com/c/UwuU9a2q/105-get-merged-offender-details-in-person-tab
5e539a440569a9261a377e64;done;ERROR TypeError: Cannot read property 'ADDRESS_TYPE' of undefined at ModelConversionProvider.webpackJsonp.30.ModelConversionProvider.toAppModel (main.js:3771) at 1.js:329 at Array.forEach (<anonymous>) at HistoryPage.webpackJsonp.420.HistoryPage.printPeople (1.js:325) at HistoryPage.webpackJsonp.420.HistoryPage.viewNotice (1.js:304) at Object.eval [as handleEvent] (HistoryPage.html:67) at handleEvent (vendor.js:13964) at callWithDebugContext (vendor.js:15473) at Object.debugHandleEvent [as handleEvent] (vendor.js:15060) at dispatchEvent (vendor.js:10379);"On loading from a 56 from history - S1/05237/811/008672. Created on 24-02-2020
";['Brett de Villiers', 'Riaz Patel', 'Byron de Villiers'];https://trello.com/c/yPXrSNcx/133-error-typeerror-cannot-read-property-addresstype-of-undefined-at-modelconversionproviderwebpackjsonp30modelconversionprovidertoa
5e70e190fa9fba33f931a164;done;Print Service Refactor;"Broken up into multiple small maintainable functions

Using notice details instead of using many variables e.g. noticeNumber, noticeType etc. all replaced by notice details.

All setting of data is done is in the service - eliminate setting things twice.

All print map setting is done in the print service - eliminated setting things twice.";['Byron de Villiers'];https://trello.com/c/33Cpr7kY/203-print-service-refactor
5e4cfda9b48e1050b04a483b;done;"‘’ DB failure on execute -> DELETE FROM NOTICE_NUMBER WHERE NOTICE_NUMBER = 'S1/03545/811/008182' main.js:7006  1.	message: ""sqlite3_prepare_v2 failure: no such table: NOTICE_NUMBER"", code: 5} 1.	code:5 2.	message:""sqlite3_prepare_v2 failure: no such table: NOTICE_NUMBER"" I think its happening in the notice provider";;['Byron de Villiers'];https://trello.com/c/ZyshqlY6/111-db-failure-on-execute-delete-from-noticenumber-where-noticenumber-s1-03545-811-008182-mainjs7006-1-message-sqlite3preparev2-fai
5e37f920be014061dffb2d76;done;Refined database service - insert many and table creation;;['Brett de Villiers', 'Byron de Villiers'];https://trello.com/c/ukPWekRp/28-refined-database-service-insert-many-and-table-creation
5e3844a690c40414e42cbb1b;done;Synonym list UI - highlight searched words and synonyms in charge description;;['Brett de Villiers'];https://trello.com/c/fDMBp7Ax/61-synonym-list-ui-highlight-searched-words-and-synonyms-in-charge-description
5e4cfdb6eca47c26289d5364;done;Court Room not populating on location tab;;['Byron de Villiers'];https://trello.com/c/hW4XYJy8/112-court-room-not-populating-on-location-tab
5e6a1620dff91071d2eb1d10;done;getting unable to print message after successful print;;['Riaz Patel', 'Byron de Villiers'];https://trello.com/c/26iDhypZ/191-getting-unable-to-print-message-after-successful-print
5e3d496dafa4937f198db62a;done;create print service and move all printing functionality to the service so that it can be used everywhere in the application;Done;['Byron de Villiers', 'Riaz Patel'];https://trello.com/c/kHQV5aSb/80-create-print-service-and-move-all-printing-functionality-to-the-service-so-that-it-can-be-used-everywhere-in-the-application
5e709dd602904c67adc96d42;done;UI for Drafts page is broken;;['Brett de Villiers', 'Byron de Villiers'];https://trello.com/c/WIc7Bhvy/201-ui-for-drafts-page-is-broken
5e705f164ab3608a630f187c;done;Print headers missing on CMP/FU;Fixed in version 0.0.12;['Riaz Patel', 'Nonnie', 'Byron de Villiers'];https://trello.com/c/hEp4dZh2/200-print-headers-missing-on-cmp-fu
5e5687534192278bab749315;done;Corrective action not printing for compliance notice (this is captured on Charge note field on the app);;['Riaz Patel', 'Brett de Villiers'];https://trello.com/c/C6ap9gqO/158-corrective-action-not-printing-for-compliance-notice-this-is-captured-on-charge-note-field-on-the-app
5e68b76fb9064f56225c6401;done;Person tab missing the information from the original compliance notice.;Gendertype not being returned from the backend;['Byron de Villiers'];https://trello.com/c/70Y8N1OA/178-person-tab-missing-the-information-from-the-original-compliance-notice
5e60bad3ed4d6e4103e65875;done;"Error on choosing follow up date and time on CMP notice - DB failure on execute -> UPDATE NOTICE SET FOLLOW_UP_DATE OFFENCE_DATE = '2020-03-05',OFFENCE_TIME = '08:38:00' WHERE NOTICE_NUMBER = 'C1/08119/811/017170' main.js:7211 code: 5message: ""sqlite3_prepare_v2 failure: near ""OFFENCE_DATE"": syntax error""__proto__: Object";;['Brett de Villiers', 'Riaz Patel'];https://trello.com/c/zWlC2oGp/167-error-on-choosing-follow-up-date-and-time-on-cmp-notice-db-failure-on-execute-update-notice-set-followupdate-offencedate-2020-03
5e68b7d98122f0807aafdd46;done;Change finalPrint name to CMP_finalPrint and FU_finalPrint;;['Riaz Patel', 'Brett de Villiers'];https://trello.com/c/dHspMCtn/179-change-finalprint-name-to-cmpfinalprint-and-fufinalprint
5e552f01ee151d736b480905;done;redirect from issue tab is not happening after clicking issue notice for 341 (so we do not get to the successful issue confirmation page) but case is created in the backend successfully.;;['Brett de Villiers'];https://trello.com/c/VeKkGDHT/152-redirect-from-issue-tab-is-not-happening-after-clicking-issue-notice-for-341-so-we-do-not-get-to-the-successful-issue-confirmati
5e5e127d9b6b553f49c9a024;done;Offender Address (Business Rep) details not loaded into print variables on a 56 loaded from draft;;['Riaz Patel'];https://trello.com/c/YhOLQO1q/166-offender-address-business-rep-details-not-loaded-into-print-variables-on-a-56-loaded-from-draft
5e37f7134c302a556c4c8f92;done;Add active states to keep notice information buttons - new styling;;[];https://trello.com/c/jydTNqlg/15-add-active-states-to-keep-notice-information-buttons-new-styling
5e5cd8c39c932b2000881d00;done;Database provider refactor - create tables in new provider. Promises to handled in array;;['Brett de Villiers'];https://trello.com/c/AAXDIZ0U/164-database-provider-refactor-create-tables-in-new-provider-promises-to-handled-in-array
5e5398dc9e095d89bd70a7a8;done;Follow up on contact details for CMP print;;['Nonnie'];https://trello.com/c/sMpFLOQZ/132-follow-up-on-contact-details-for-cmp-print
5e38137fa17a0108c054ec4d;done;Force Group and Notice Print Counter data is Missing;;[];https://trello.com/c/QwOW8GxH/51-force-group-and-notice-print-counter-data-is-missing
5e4bade6c299b8661c0887c6;done;Charges are not available @charge tab;;['Byron de Villiers'];https://trello.com/c/MJRSDvTD/109-charges-are-not-available-charge-tab
5e5407293ba1547a29a6ca37;done;offender details missing on S56 print where offender is business. Business representative details must be populated in offender section of print;Fixed, pls test;['Riaz Patel'];https://trello.com/c/X6PsKum1/145-offender-details-missing-on-s56-print-where-offender-is-business-business-representative-details-must-be-populated-in-offender-s
5e4ef6290f8fd719870774b6;done;Add app version to side menu;;['Riaz Patel'];https://trello.com/c/m25GaWHK/126-add-app-version-to-side-menu
5e38136a558d395a1e369d51;done;Implement offender signing logic in CMP;If offender signs, remove the option/tickbox offender refused to sign  ;['Brett de Villiers', 'Byron de Villiers'];https://trello.com/c/GLk0LKpg/50-implement-offender-signing-logic-in-cmp
5e3bc605c19d128b81a1864f;done;History evidence tab has old UI;;[];https://trello.com/c/pgMh1RCz/66-history-evidence-tab-has-old-ui
5e381269f5dc4a0a27ec9d6d;done;Add await to the background service that sends notice packs from the offline queue. Do not allow the same notice pack to be sent of a request for it is process already;;[];https://trello.com/c/PVDgNihN/44-add-await-to-the-background-service-that-sends-notice-packs-from-the-offline-queue-do-not-allow-the-same-notice-pack-to-be-sent
5e3be0ea004d0c8fb16463ab;done;Update UI - move the trash button to the top right of media/document item in Evidence tab;;['Byron de Villiers'];https://trello.com/c/sJ4HxbaV/70-update-ui-move-the-trash-button-to-the-top-right-of-media-document-item-in-evidence-tab
5e3bec1dd3017b27a4f3fbbf;done;Evidence page cleanup - uses models services and ui;;['Brett de Villiers', 'Byron de Villiers'];https://trello.com/c/b5aULlOO/71-evidence-page-cleanup-uses-models-services-and-ui
5e38119f787a6228a95ba410;done;Change is public transport to radio button (confirm with Matt);;['Byron de Villiers'];https://trello.com/c/vaAu65cm/39-change-is-public-transport-to-radio-button-confirm-with-matt
5e392fce6c13551779340829;done;Person as representative on add person modal. Additional field for business;;['Brett de Villiers'];https://trello.com/c/K6vDTE9E/62-person-as-representative-on-add-person-modal-additional-field-for-business
5e381346a10c85703f404261;done;Ensure that the documents can be sent to backend in notice issue;;['Brett de Villiers'];https://trello.com/c/7stiQKJg/48-ensure-that-the-documents-can-be-sent-to-backend-in-notice-issue
5e37f89f9f93c007da0645e7;done;History search (see mail from Matt - mostly resolved);;['Brett de Villiers'];https://trello.com/c/1rUM6aV5/25-history-search-see-mail-from-matt-mostly-resolved
5e3a9bc88686866428a89040;done;Issuing notice from charge catalog does not get notice numbers for CMP;;['Brett de Villiers'];https://trello.com/c/ZeSYiiX6/63-issuing-notice-from-charge-catalog-does-not-get-notice-numbers-for-cmp
5e38140e55120c10e9d7d808;done;Look at is transport vehicle radio button strange behaviour;;['Byron de Villiers'];https://trello.com/c/RPtj7mKB/54-look-at-is-transport-vehicle-radio-button-strange-behaviour
5e3bdf1e515f0811e9118947;done;Implement programmatic calculation of Age on person tab. DOB is mandatory, we can therefore calculate current age.;;['Brett de Villiers'];https://trello.com/c/axwZklWU/69-implement-programmatic-calculation-of-age-on-person-tab-dob-is-mandatory-we-can-therefore-calculate-current-age
5e4bac9284742943f5c305bb;done;can't issue the CMP Notice;;['Byron de Villiers'];https://trello.com/c/LUwFznYy/108-cant-issue-the-cmp-notice
5e4bac7aa01cdb2e7f61eed7;done;empty field @ countries list;;['Byron de Villiers', 'Brett de Villiers'];https://trello.com/c/sv1L7tQc/107-empty-field-countries-list
5e68bb248ff2bb0e47b78f8d;done;Make headings on print slips bold;;[];https://trello.com/c/9TFCm7fI/188-make-headings-on-print-slips-bold
5e4b9bb1d23e5a6bdb148c84;done;Issue the Notices from the charge Catalogue.@Error Message : Unable to retrieve a 341, 56 & CMP notices;;['Byron de Villiers', 'Brett de Villiers'];https://trello.com/c/pXI9lkXD/103-issue-the-notices-from-the-charge-catalogueerror-message-unable-to-retrieve-a-341-56-cmp-notices
5e4bbd4345f217790480437d;done;"Change ""Document Type"" heading to ""Licence Type""";;['Byron de Villiers'];https://trello.com/c/OiIdM8Bk/110-change-document-type-heading-to-licence-type
5e4d217fdb75a9528c2ce4b1;done;CMP Notice doesn't pull through to the  back-end.;;[];https://trello.com/c/NLkVF80E/116-cmp-notice-doesnt-pull-through-to-the-back-end
